year,small_molecule,antibody,adc,peptide,protein_enzyme,oligonucleotide,other,total,confidence
1990,18,0,0,3,1,0,1,23,lower
1991,27,0,0,1,3,0,1,32,lower
1992,25,0,0,0,1,0,0,26,lower
1993,23,0,0,0,3,0,1,27,lower
1994,18,1,0,0,1,0,1,21,lower
1995,29,0,0,0,0,0,0,29,lower
1996,52,1,0,2,1,0,0,56,lower
1997,36,1,0,0,1,0,0,38,lower
1998,24,4,0,2,4,1,1,36,lower
1999,32,0,0,2,2,0,1,37,lower
2000,21,0,0,5,2,0,1,29,lower
2001,23,1,0,1,3,0,0,28,lower
2002,17,2,0,0,3,0,0,22,lower
2003,18,1,0,2,3,0,0,24,lower
2004,25,3,0,3,1,1,0,33,lower
2005,11,0,0,3,4,0,0,18,lower
2006,18,2,0,0,2,0,1,23,validated
2007,15,1,0,1,1,0,0,18,validated
2008,21,1,0,1,2,0,0,25,validated
2009,21,4,0,0,2,0,0,27,validated
2010,12,2,0,2,4,0,0,20,validated
2011,23,2,1,1,2,0,0,29,validated
2012,26,2,0,4,5,0,2,39,validated
2013,23,1,1,0,0,1,1,27,validated
2014,31,6,0,0,5,0,1,43,validated
2015,30,9,0,1,3,0,2,45,validated
2016,11,7,0,2,0,3,0,23,validated
2017,29,9,1,6,2,0,0,47,validated
2018,37,11,1,1,5,2,2,59,validated
2019,32,5,3,3,2,2,1,48,validated
2020,36,12,1,2,1,2,0,54,validated
2021,29,7,2,4,5,2,0,49,validated
2022,18,9,1,2,5,1,1,37,validated
2023,29,12,0,3,5,4,2,55,validated
2024,31,13,0,1,3,2,1,51,validated
2025,32,8,3,1,1,3,0,48,validated
