year,small_molecule,antibody,adc,peptide,protein_enzyme,oligonucleotide,other,confidence
1990,78.26,0.0,0.0,13.04,4.35,0.0,4.35,lower
1991,84.38,0.0,0.0,3.12,9.38,0.0,3.12,lower
1992,96.15,0.0,0.0,0.0,3.85,0.0,0.0,lower
1993,85.19,0.0,0.0,0.0,11.11,0.0,3.7,lower
1994,85.71,4.76,0.0,0.0,4.76,0.0,4.76,lower
1995,100.0,0.0,0.0,0.0,0.0,0.0,0.0,lower
1996,92.86,1.79,0.0,3.57,1.79,0.0,0.0,lower
1997,94.74,2.63,0.0,0.0,2.63,0.0,0.0,lower
1998,66.67,11.11,0.0,5.56,11.11,2.78,2.78,lower
1999,86.49,0.0,0.0,5.41,5.41,0.0,2.7,lower
2000,72.41,0.0,0.0,17.24,6.9,0.0,3.45,lower
2001,82.14,3.57,0.0,3.57,10.71,0.0,0.0,lower
2002,77.27,9.09,0.0,0.0,13.64,0.0,0.0,lower
2003,75.0,4.17,0.0,8.33,12.5,0.0,0.0,lower
2004,75.76,9.09,0.0,9.09,3.03,3.03,0.0,lower
2005,61.11,0.0,0.0,16.67,22.22,0.0,0.0,lower
2006,78.26,8.7,0.0,0.0,8.7,0.0,4.35,validated
2007,83.33,5.56,0.0,5.56,5.56,0.0,0.0,validated
2008,84.0,4.0,0.0,4.0,8.0,0.0,0.0,validated
2009,77.78,14.81,0.0,0.0,7.41,0.0,0.0,validated
2010,60.0,10.0,0.0,10.0,20.0,0.0,0.0,validated
2011,79.31,6.9,3.45,3.45,6.9,0.0,0.0,validated
2012,66.67,5.13,0.0,10.26,12.82,0.0,5.13,validated
2013,85.19,3.7,3.7,0.0,0.0,3.7,3.7,validated
2014,72.09,13.95,0.0,0.0,11.63,0.0,2.33,validated
2015,66.67,20.0,0.0,2.22,6.67,0.0,4.44,validated
2016,47.83,30.43,0.0,8.7,0.0,13.04,0.0,validated
2017,61.7,19.15,2.13,12.77,4.26,0.0,0.0,validated
2018,62.71,18.64,1.69,1.69,8.47,3.39,3.39,validated
2019,66.67,10.42,6.25,6.25,4.17,4.17,2.08,validated
2020,66.67,22.22,1.85,3.7,1.85,3.7,0.0,validated
2021,59.18,14.29,4.08,8.16,10.2,4.08,0.0,validated
2022,48.65,24.32,2.7,5.41,13.51,2.7,2.7,validated
2023,52.73,21.82,0.0,5.45,9.09,7.27,3.64,validated
2024,60.78,25.49,0.0,1.96,5.88,3.92,1.96,validated
2025,66.67,16.67,6.25,2.08,2.08,6.25,0.0,validated
