withdrawal_year,small_molecule,antibody,adc,peptide,protein_enzyme,oligonucleotide,other,total
1990,0,0,0,0,0,0,0,0
1991,1,0,0,0,0,0,0,1
1992,1,0,0,0,0,0,0,1
1993,1,0,0,0,0,0,0,1
1994,0,0,0,0,0,0,0,0
1995,0,0,0,0,0,0,0,0
1996,0,0,0,0,0,0,0,0
1997,2,0,0,0,0,0,0,2
1998,4,0,0,0,0,0,0,4
1999,2,0,0,0,0,0,0,2
2000,3,0,0,0,0,0,0,3
2001,3,0,0,0,0,0,0,3
2002,0,0,0,0,0,0,0,0
2003,1,0,0,0,0,0,0,1
2004,1,0,0,0,0,0,0,1
2005,3,1,0,0,0,0,0,4
2006,1,0,0,0,0,0,0,1
2007,2,0,0,0,1,0,0,3
2008,0,0,0,0,0,0,0,0
2009,0,1,0,0,0,0,0,1
2010,2,0,1,0,0,0,0,3
2011,0,0,0,0,1,0,0,1
2012,0,0,0,0,0,0,0,0
2013,1,0,0,1,0,0,0,2
2014,0,0,0,0,0,0,0,0
2015,0,0,0,0,0,0,0,0
2016,0,0,0,0,0,0,0,0
2017,0,0,0,0,0,0,0,0
2018,0,1,0,0,0,0,0,1
2019,0,1,0,0,0,1,0,2
2020,2,0,0,0,0,0,0,2
2021,0,0,0,0,0,0,0,0
2022,1,0,1,0,0,0,0,2
2023,1,0,0,0,0,0,0,1
2024,3,0,0,0,0,0,0,3
2025,0,0,0,0,0,0,0,0
